task_id,map_name,mutation_factors,commanders,enemy_ai,difficulty_score,notes,is_verified,verifier,battle_experience,是否为裂隙突变
dcf5569be0624c1183744538d83a7e5b,机会渺茫,"'暗无天日', '风暴英雄', '核弹打击', '震荡攻击', '混乱工作室', '相互摧毁'","'蒙斯克', '诺娃'",帝国战斗群,5,,,,,
848b73be726d45d2a115128d6541215d,虚空降临,'力量蜕变','诺娃',旧世机械团,2,,,,,
04c05f1feb9b4586ba54c9d97cb3038a,营救矿工,"'震荡攻击', '双重压力', '行尸走肉'",'斯托科夫',爆炸威胁,4,,,,,
29d01c7e0688471eb9c2c471de49a374,虚空降临,"'焦土政策', '时间扭曲', '虚空裂隙'","'霍纳与汉', '沃拉尊'",暗影袭扰,2,,,,,裂隙突变
a62f454c0f3e46df901a4371583430b4,升格之链,"'轨道轰炸', '短视症'","'雷诺', '阿塔尼斯'",战争机械团,2,我觉得这个难度0，双打这个，雷诺只需要出星轨扫描，大主教只需要单刷一个轨道轰炸，0影响，雷诺还有面板帮助,,,,
75b456ff37a7467dbf01c3c656e390e9,亡者之夜,"'速度狂魔', '丧尸大战', '时间扭曲'","'扎加拉', '阿巴瑟'",袭扰炮击,2,我觉得这个难度只能够1，阿巴瑟只需要傻爆宿主守家，扎加拉出门推图就行了,,,,
9b4b393a34c54bfd9a2acc798625dc13,机会渺茫,"'幸运红包', '扫雷大战', '暗无天日'","'雷诺', '霍纳与汉'",旧世步兵团,2,,,,,
4ae4d0d265fb4478bc250c344af01216,克哈裂痕,"'减伤屏障', '暴风雪'",'扎加拉',侵略虫群,2,,,,,
85d5c775fb3d439cbe719abd8a4bc4a8,亡者之夜,"'晶矿护盾', '时间扭曲', '给我死吧', '龙卷风暴'","'斯台特曼', '德哈卡'",旧世机械团,2,我觉得0-1就行，两个后出双打单复活,,,,
117005a87a26459bb6235ca72d236339,净网行动,"'强磁雷场', '净化光束'","'扎加拉', '泽拉图'",旧世步兵团,1,难度0-1.盘拉图就排雷并且单刷了，扎加拉都不需要,,,,
6be7a27d74fc4271963d73796b864187,虚空降临,"'异形寄生', '短视症', '虚空裂隙'",'雷诺',暗影袭扰,5,,,,,裂隙突变
967418ed6cf0437e82aee5f8a2e2bafa,虚空降临,"'风暴英雄', '丧尸大战', '焦土政策'",'蒙斯克',滋生腐化,4,,,,,
957b4356d8c342eeaa7ca7e374f7d2d9,湮灭快车,"'同化体', '净化光束', '力量蜕变'","'阿拉纳克', '德哈卡'",艾尔先锋,2,双打这个难度0-1，德哈卡出地刺稳守软，然后果打单蜕变,,,,
b848b43dfb4e430195388d17ca872b7a,营救矿工,"'轨道轰炸', '焦土政策', '同化体', '晶矿护盾', '强磁雷场'","'蒙斯克', '阿巴瑟'",遮天蔽日,2,,,,,
57db949dc34842f09ee99a492e1d0913,机会渺茫,"'自毁程序', '光子过载', '行尸走肉', '震荡攻击', '闪避机动'","'雷诺', '扎加拉'",步战机甲,3,,,,,
1450e5563e7f4dac9544251d4026795e,湮灭快车,"'焦土政策', '杀生业报', '激光钻机', '行尸走肉'","'凯瑞甘', '泽拉图'",旧世机械团,2,,,,,
8d8d42b342114b6b9c239f5e618c785c,聚铁成兵,"'光子过载', '杀戮机器人'",'雷诺',步战机甲,4,,,,,
63d8b09a55014c9a872fcbf5af3e23f3,机会渺茫,"'强行征用', '生命汲取', '无边恐惧', '杀戮机器人', '自毁程序'","'阿塔尼斯', '诺娃'",族长之军,3,,,,,
4180d4978903421a86e0599fac3fc3df,克哈裂痕,"'焦土政策', '无边恐惧', '鼓舞人心', '闪避机动', '丧尸大战'","'凯拉克斯', '诺娃'",旧世步兵团,1,双打0难度，v3诺娃爽炸，红点一个700全不剩，技师就守家，能量除了第一波能全砸柱子,,,,
2cdc4865c1a849db95dd6e645ee95482,营救矿工,"'净化光束', '激光钻机', '自毁程序', '灵能爆表'","'阿巴瑟', '扎加拉'",袭扰炮击,2,2.灵能太恶心,,,,
69afe756569f43be9ede3afa9f12ca8e,天界封锁,"'轨道轰炸', '伤害散射', '杀戮机器人', '力量蜕变'","'斯旺', '诺娃'",大师机械,3,3-4，这两个指挥官送杀戮很头大，斯旺修硬抗也伤,,,,
3dae862bb54f42d99c3a1d3c19e4ca47,虚空撕裂,"'轨道轰炸', '默哀', '时空立场'","'雷诺', '德哈卡'",族长之军,1,0，德哈卡宿主无脑单刷，面板不需要停,,,,
f3d6050c366949eab82f1ee7174457d7,湮灭快车,"'晶矿护盾', '闪避机动', '来去无踪'","'凯拉克斯', '阿巴瑟'",突击团,1,0,,,,
655f73bede184a93887ec6b5fb44895d,机会渺茫,"'灵能爆表', '混乱工作室', '复仇战士'","'斯托科夫', '阿巴瑟'",滋生腐化,4,,,,,
4362fee828a4411f99867c38ae20519c,虚空撕裂,'虚空裂隙','凯瑞甘',族长之军,3,3-4,,,,裂隙突变
bdb40cb6691541eea419502e2885ad90,死亡摇篮,"'强行征用', '震荡攻击', '伤害散射', '异形寄生', '杀生业报'","'斯台特曼', '斯托科夫'",族长之军,3,3-4.这两个有散射的话，推图很头大,,,,
e7c29dae9c67431e94c8d0ccf0e555a5,营救矿工,"'轨道轰炸', '时空立场', '来去无踪'","'蒙斯克', '泽拉图'",旧世步兵团,1,0,,,,
2b015efecc974f3da35797c56a8fae93,虚空降临,"'震荡攻击', '丧尸大战', '双重压力'","'斯托科夫', '阿拉纳克'",暗影科技团,1,1，毛子几乎单刷了， 就是后面丧尸头大,,,,
7f157558eb3b4bfd9b3ca6ced8a928fd,聚铁成兵,'飞弹大战','扎加拉',袭扰炮击,1,1,,,,
04d1fe5378004f129804d95ff7a475d9,熔火危机,"'暴风雪', '闪避机动'",'泽拉图',族长之军,2,2，熔火暴风雪捡水晶纯折磨,,,,
7e6d60456fe94043a6d14afa11459b87,天界封锁,"'强磁雷场', '超远视距'",'雷诺',肆虐扩散,1,0，z视距不厉害,,,,裂隙突变
c78808a1a6014dc7a2534a6948e081d8,黑暗杀星,"'超远视距', '短视症', '虚空裂隙', '双重压力'","'斯托科夫', '凯拉克斯'",遮天蔽日,4,3-4.杀星厉害很强，短视影响绕ob，毛子给共生体视野还是不大 ,yes,风莽,,裂隙突变
1e1ff8e6edcb4d28b5af5664d4771f86,黑暗杀星,"'自毁程序', '伤害散射', '黑死病'","'泰凯斯', '霍纳与汉'",帝国战斗群,2,,,,,
4920f610e66b40fe9259e3a02e36832b,天界封锁,"'默哀', '复仇战士', '虚空裂隙'","'蒙斯克', '雷诺'",风暴迫临,2,1,,,,裂隙突变
a08b0cf559194c2588e47a6c20fa2570,熔火危机,"'核弹打击', '风暴英雄', '轨道轰炸', '复仇战士', '鼓舞人心'","'扎加拉', '沃拉尊'",风暴迫临,3,3-4，空军ai加鼓舞，这两个对空很头大，核弹捡水晶也是蛋疼,,,,
e6f00ccc15f74c3b80fc484872d1541d,湮灭快车,"'虚空裂隙', '晶矿护盾', '丧尸大战', '速度狂魔'","'德哈卡', '菲尼克斯'",战争机械团,2,1-2，厉害一点的玩家能单刷了,,,,裂隙突变
e2dc695a54144758b3ba6151204498bb,机会渺茫,"'轨道轰炸', '给我死吧', '黑死病'","'阿巴瑟', '雷诺'",风暴迫临,2,2,,,,
f38a6f213f7949a19c194ec64434dad7,虚空撕裂,"'激光钻机', '幸运红包', '光子过载'","'扎加拉', '泰凯斯'",艾尔先锋,1,0（内个最低分数是1哈～）,,,,
4be84789c6d9473e9a91812ceaa33574,机会渺茫,"'给我死吧', '强磁雷场', '杀生业报'","'诺娃', '斯旺'",卡莱的希望,2,1,,,,裂隙突变
c1a673f37045451bb7d3100cfa907bd6,净网行动,"'扫雷专家', '龙卷风暴', '默哀', '行尸走肉', '杀戮机器人'","'斯托科夫', '泽拉图'",艾尔先锋,1,1,,,,
614e4ea3c3f94feab1ec26919f86ff57,死亡摇篮,"'丧尸大战', '激光钻机', '风暴英雄'","'雷诺', '斯旺'",战争机械团,3,3-4,,,,
c8e0c95275c94d1d8d7335c056a705ab,机会渺茫,"'力量蜕变', '复仇战士'",'阿巴瑟',肆虐扩散,3,2-3,,,,
d084e14f537d4bcab6b986cc4d025e42,死亡摇篮,"'强磁雷场', '异形寄生'",'霍纳与汉',暗影袭扰,3,3,,,,裂隙突变
7400cac2433140f2866ad44a20d6469e,营救矿工,"'默哀', '灵能爆表', '光子过载', '同化体'","'阿巴瑟', '诺娃'",帝国战斗群,2,0,,,,
b6836da24f614f739bf9b709282abada,营救矿工,"'礼尚往来', '生命汲取', '光子过载'","'菲尼克斯', '斯台特曼'",旧世步兵团,2,1,,,,
7593cde004bc4e86a9a08c08d662f319,虚空降临,"'虚空重生者', '相互摧毁', '强磁雷场', '行尸走肉'","'德哈卡', '菲尼克斯'",大师机械,2,1,,,,
851e2ebc4245492b834d237758107571,升格之链,"'给我死吧', '异形寄生', '同化体'","'凯拉克斯', '蒙斯克'",族长之军,4,4-5，但是这玩意儿能和楼下那个抽象的净网一桌吗？,,,,
4a9a341398534167bbf9b5f98e6dcd47,聚铁成兵,"'飞弹大战', '来去无踪', '闪避机动', '强磁雷场', '龙卷风暴'","'斯台特曼', '泰凯斯'",袭扰炮击,2,1,,,,
b155890c9baa40e1be419ebfcd745bad,克哈裂痕,"'复仇战士', '净化光束', '强行征用', '速度狂魔', '致命勾引'","'雷诺', '斯台特曼'",步战机甲,2,1-2,,,,
5f94df7400e64454ad640143672deee4,湮灭快车,"'伤害散射', '轨道轰炸'",'泰凯斯',帝国战斗群,2,2,,,,
6e28a1ba6f7844369ff18a1e7befa67e,净网行动,"'无边恐惧', '黑死病', '生命汲取', '激光钻机', '混乱工作室'","'德哈卡', '阿拉纳克'",滋生腐化,4,,,,,
fccf8f66dffc429389c044463881cd5f,机会渺茫,"'时间扭曲', '给我死吧', '风暴英雄', '时空立场', '岩浆爆发'","'斯旺', '斯台特曼'",袭扰炮击,2,2分 ai是斯旺纸飞机绝对舒适区 台打这个太简单,yes,风莽,,
21ae1cd7a9e242fa8591e5d216632d8b,湮灭快车,"'来去无踪', '丧尸大战', '复仇战士', '风暴英雄', '核弹打击'","'凯瑞甘', '凯拉克斯'",帝国战斗群,3,3分 在战争建筑师的绝对优势区,yes,风莽,,
7f0482209f9a41aeb89faa8a13fb39a3,亡者之夜,"'激光钻机', '闪避机动', '风暴英雄', '灵能爆表'","'凯瑞甘', '阿拉纳克'",袭扰炮击,4,,,,,
8089184b1f524e94a904ed8eb11270bb,净网行动,"'坚强意志', '超远视距', '扫雷大战', '相互摧毁', '强磁雷场'","'沃拉尊', '斯旺'",突击团,3,3分 比较吃斯旺的熟练度 需要提前做细节,yes,风莽,,
5721b4db0f2b4e6a93d58cb4256f08e8,熔火危机,"'减伤屏障', '双重压力'","'扎加拉', '菲尼克斯'",战争机械团,1,,,,,
4a01e9126f5a41b1b5c766843831eb19,虚空撕裂,"'时空立场', '礼尚往来', '核弹打击'","'蒙斯克', '德哈卡'",步战机甲,2,,,,,
77973d4b69bc420db3c94e2687fdd58c,升格之链,"'净化光束', '核弹打击', '黑死病'",'阿拉纳克',暗影袭扰,3,,,,,
1dc2caec50da4200bf881298e6a5c621,克哈裂痕,"'净化光束', '强行征用', '给我死吧'",'斯旺',袭扰炮击,2,,,,,
d7dfd7f1679645308ff065b3697e7b0b,湮灭快车,"'生命汲取', '净化光束', '同化体', '暴风雪'","'凯瑞甘', '扎加拉'",侵略虫群,2,,,,,
45d33c99bb34490aabb8b26fccf542ec,虚空撕裂,"'杀生业报', '双重压力', '震荡攻击'","'扎加拉', '阿塔尼斯'",战争机械团,2,,,,,
2e06d277092545e8bebac66404362b62,机会渺茫,"'净化光束', '礼尚往来', '自毁程序'","'阿拉纳克', '菲尼克斯'",旧世机械团,2,,,,,
c91900783c824a41aaf53d109dace06d,湮灭快车,"'复仇战士', '晶矿护盾', '虚空重生者', '强行征用'","'阿塔尼斯', '蒙斯克'",暗影袭扰,2,,,,,
d1282fae440b45739578cd85472a8f82,死亡摇篮,"'风暴英雄', '速度狂魔', '减伤屏障'","'凯拉克斯', '阿塔尼斯'",旧世步兵团,3,,,,,
8e8a6cc214524f919f490247d5d3a12d,往日神庙,"'无边恐惧', '灵能爆表'","'菲尼克斯', '阿塔尼斯'",暗影科技团,2,,,,,
a76f51afb62e484580121fc44c103c13,聚铁成兵,"'强行征用', '净化光束'",'泰凯斯',风暴迫临,1,,,,,
7fc3c070a32a4104b884c64b4512c513,死亡摇篮,"'伤害散射', '鼓舞人心', '幸运红包', '力量蜕变'","'蒙斯克', '雷诺'",袭扰炮击,2,,,,,
eec666eed771425e8b0bfa9a82cce8e1,死亡摇篮,"'相互摧毁', '混乱工作室', '自毁程序', '复仇战士'","'扎加拉', '斯旺'",艾尔先锋,4,,,,,
d4a8e2aaa7354931b57a8ef6c381df0e,机会渺茫,"'异形寄生', '轨道轰炸', '暗无天日'","'阿拉纳克', '泰凯斯'",卡莱的希望,1,,,,,
cc5c84caeac346ceaae26907b61141a5,虚空撕裂,"'强行征用', '杀生业报', '核弹打击', '默哀'","'凯瑞甘', '菲尼克斯'",帝国战斗群,3,,,,,
77926a2b48fb4e29a0d5e6ea6df43066,升格之链,"'混乱工作室', '岩浆爆发'",'阿巴瑟',步战机甲,2,,,,,
f2d7841bb1a74df0956d29c16d9a729a,死亡摇篮,"'灵能爆表', '光子过载'",'阿拉纳克',肆虐扩散,3,,,,,
b5adcf1ed20642939e34b107e38fb37e,黑暗杀星,"'扫雷专家', '焦土政策', '时间扭曲'","'斯旺', '阿巴瑟'",风暴迫临,2,,,,,
ad21fb876c854aedbe8d67106fdd7e82,营救矿工,"'黑死病', '异形寄生', '伤害散射'",'斯托科夫',遮天蔽日,3,,,,,
742dc63710754b3cac938fd0e5336d28,虚空撕裂,"'闪避机动', '光子过载'","'沃拉尊', '德哈卡'",遮天蔽日,1,,,,,
0fdf231dba93434b8bf424c5c0c5e892,黑暗杀星,"'力量蜕变', '核弹打击', '礼尚往来'","'凯瑞甘', '沃拉尊'",侵略虫群,2,,,,,
2ce40e2be4ad466691bd12d9e18a1f17,营救矿工,"'速度狂魔', '晶矿护盾', '相互摧毁', '给我死吧', '核弹打击', '扫雷专家'","'德哈卡', '斯台特曼'",帝国战斗群,3,,,,,
4ac5cf9e96e24e7fa6bc5454d894d003,天界封锁,"'同化体', '闪避机动'","'阿拉纳克', '凯拉克斯'",艾尔先锋,1,,,,,
a3adc6611b954eada041a1148f06add5,天界封锁,"'杀戮机器人', '复仇战士', '暗无天日', '岩浆爆发'","'斯托科夫', '泰凯斯'",艾尔先锋,1,,,,,
157edd3fa4e44db387cdb7f1f2edb7be,黑暗杀星,"'生命汲取', '速度狂魔', '进攻部署', '扫雷专家'","'阿塔尼斯', '蒙斯克'",遮天蔽日,2,,,,,
d0d32a2064dd491a9924507929abda4f,净网行动,"'给我死吧', '虚空裂隙'","'斯托科夫', '阿塔尼斯'",旧世机械团,3,,,,,裂隙突变
af48542858634f8cb47d59da5d43516c,机会渺茫,"'暴风雪', '光子过载', '净化光束'","'菲尼克斯', '诺娃'",旧世机械团,1,,,,,
0f675515109444f0a5944fd18f745069,湮灭快车,"'强行征用', '坚强意志', '行尸走肉', '复仇战士', '震荡攻击', '相互摧毁'","'凯瑞甘', '阿拉纳克'",帝国战斗群,3,,,,,
4266a6a51cb049449ab6cc394b90b8d5,亡者之夜,"'闪避机动', '强磁雷场', '暗无天日'","'雷诺', '沃拉尊'",侵略虫群,2,,,,,
1f7ea1f1976b4764a691c2154b198746,净网行动,"'速度狂魔', '强磁雷场', '暴风雪'","'蒙斯克', '扎加拉'",爆炸威胁,1,,,,,
8618e6300bcc424f9b74b3701bb992e2,克哈裂痕,"'生命吸取', '给我死吧'",'霍纳与汉',步战机甲,2,,,,,
3e0a1ba44345439a90d22f0c68e3948d,亡者之夜,'速度狂魔',"'斯台特曼', '斯托科夫'",滋生腐化,1,,,,,
80e2aaf42795427aba9ecaa1937afa0a,天界封锁,"'短视症', '轨道轰炸', '进攻部署'","'斯托科夫', '菲尼克斯'",旧世步兵团,1,,,,,
0bdea2fcb3c8468b99ff51f64364aeb6,往日神庙,"'混乱工作室', '超远视距', '杀生业报', '减伤屏障'","'菲尼克斯', '扎加拉'",大师机械,2,,,,,
acb4582117ac44cdaeca4575b17dcf97,湮灭快车,"'丧尸大战', '杀戮机器人', '核弹打击', '晶矿护盾', '超远视距', '自毁程序'","'沃拉尊', '斯台特曼'",步战机甲,3,,,,,
14f1e9f356c5462d80aee0e4645deab2,虚空降临,"'双重压力', '默哀', '短视症'","'斯台特曼', '斯托科夫'",滋生腐化,2,,,,,
63927a8a8f2d448493f741760beef189,升格之链,"'超远视距', '礼尚往来'","'德哈卡', '阿巴瑟'",族长之军,2,,,,,
9bc1dd6cb4254edfb5be6ab83898e6ac,死亡摇篮,"'生命吸取', '短视症'","'蒙斯克', '雷诺'",肆虐扩散,1,,,,,
2f4751c3f6fc44daac702fe042061421,虚空降临,"'同化体', '自毁程序', '双重压力', '致命勾引', '光子过载'","'雷诺', '蒙斯克'",肆虐扩散,2,,,,,
f1de416586024704a40ce98201d2303d,往日神庙,"'伤害散射', '相互摧毁', '龙卷风暴', '黑死病'","'霍纳与汉', '泽拉图'",艾尔先锋,4,,,,,
fd9f76c767754f0b8e68decfe0321fca,死亡摇篮,"'给我死吧', '进攻部署', '幸运红包', '无边恐惧', '超远视距'","'扎加拉', '阿拉纳克'",突击团,4,,,,,
79b75635fda448849023849d505e77c2,机会渺茫,"'行尸走肉', '飞弹大战'","'霍纳与汉', '泰凯斯'",侵略虫群,1,,,,,
7d5182132db14ab0a2f13041fc1f704a,死亡摇篮,"'无边恐惧', '双重压力'","'菲尼克斯', '阿拉纳克'",突击团,3,,,,,
55df436c6a524150a267f1a8877ac7fc,往日神庙,"'相互摧毁', '风暴英雄'","'阿巴瑟', '诺娃'",卡莱的希望,1,,,,,
761efce27744453684c6280a041f9a70,死亡摇篮,"'超远视距', '激光钻机', '默哀', '伤害散射'","'雷诺', '阿塔尼斯'",旧世步兵团,3,,,,,
5bc495162fc04b339133a07376a06cc1,营救矿工,"'虚空重生者', '激光钻机'","'凯瑞甘', '凯拉克斯'",艾尔先锋,1,,,,,
1d9bca2255d84d1d8ad90432cfd6a73e,营救矿工,"'无边恐惧', '强磁雷场'",'泰凯斯',大师机械,1,,,,,
16a8080866354c179cac4c25aa7c1c32,净网行动,"'生命汲取', '扫雷专家', '晶矿护盾'",'泽拉图',战争机械团,3,,,,,
aa31d951a0454aecb2e060a09973e271,虚空撕裂,"'杀生业报', '强行征用', '闪避机动', '相互摧毁', '晶矿护盾'","'扎加拉', '雷诺'",族长之军,2,,,,,
40a372d9aaf6405293f8a223991ca69d,黑暗杀星,"'生命汲取', '扫雷专家'","'德哈卡', '霍纳与汉'",卡莱的希望,2,,,,,
d3698afc46ae43af837fb83707497e0e,熔火危机,"'光子过载', '岩浆爆发', '无边恐惧'","'泰凯斯', '德哈卡'",突击团,1,,,,,
15e7d286399347459fce669bbe33fb86,亡者之夜,"'鼓舞人心', '礼尚往来', '净化光束', '给我死吧', '默哀'","'斯台特曼', '阿拉纳克'",暗影袭扰,4,2-4 礼物影响很大,,,,裂隙突变
7cd76daa1c534cb1b87226f72792984f,熔火危机,"'进攻部署', '相互摧毁'","'凯拉克斯', '扎加拉'",暗影袭扰,1,,,,,
b835aff575a04af7a01c47d7a28e91b0,虚空降临,"'净化光束', '坚强意志', '暗无天日'","'蒙斯克', '斯托科夫'",旧世机械团,1,,,,,
fba8cab1b06d4db7a5d3c357bc5ae7b6,湮灭快车,"'复仇战士', '默哀', '混乱工作室', '杀戮机器人', '黑死病', '轨道轰炸'","'霍纳与汉', '雷诺'",侵略虫群,5,,,,,
de950e4884b74b7c9bc77dc0f6e3f76d,升格之链,"'力量蜕变', '闪避机动'","'霍纳与汉', '阿巴瑟'",大师机械,3,,,,,
589eee5405b8452e9b0fa7c97e3f763d,熔火危机,"'来去无踪', '灵能爆表', '焦土政策'","'斯旺', '扎加拉'",大师机械,2,,,,,
1242d60fd4664df0b41b3c3a50a70341,升格之链,"'短视症', '暴风雪', '丧尸大战'","'沃拉尊', '霍纳与汉'",袭扰炮击,2,,,,,裂隙突变
077ef187d0b445b28262f2a62da64f8d,虚空撕裂,"'幸运红包', '双重压力', '生命吸取'","'霍纳与汉', '扎加拉'",侵略虫群,1,,,,,
5c837d1ac47b44348ced0343fd9b8ed2,死亡摇篮,"'礼尚往来', '焦土政策', '龙卷风暴'",'斯托科夫',旧世机械团,2,,,,,
54c4a15a8fa8448499a3c1fe025fd6bf,升格之链,"'暴风雪', '来去无踪', '轨道轰炸', '幸运红包', '鼓舞人心', '超远视距'","'凯瑞甘', '凯拉克斯'",爆炸威胁,1,,,,,
4eb7077b29f74a39911a2456bbe17d21,黑暗杀星,"'岩浆爆发', '灵能爆表', '暗无天日', '复仇战士'","'凯拉克斯', '德哈卡'",族长之军,1,,,,,
bb9f0d04143843bd86ba8b79349c9dc1,营救矿工,"'暗无天日', '时间扭曲', '暴风雪', '进攻部署'","'凯拉克斯', '诺娃'",遮天蔽日,1,,,,,
b39ef5e7bcf141b4b3c9ff1d66ac5e9e,克哈裂痕,"'丧尸大战', '时间扭曲', '虚空重生者', '来去无踪'","'诺娃', '沃拉尊'",步战机甲,1,,,,,
a9f9b99e0e834e27a65c115b5c06b580,亡者之夜,"'黑死病', '扫雷大战', '暗无天日'",'斯托科夫',大师机械,5,,,,,
e8f7e922f8cc4563a613c90f992ea106,亡者之夜,"'相互摧毁', '丧尸大战'",'阿拉纳克',风暴迫临,3,,,,,
f62e0139d1a94f3192dcec90bcfb35f5,亡者之夜,"'生命吸取', '光子过载'",'菲尼克斯',艾尔先锋,2,,,,,
20092a30d74b42ab8605e4cbd6e6f8a2,亡者之夜,"'光子过载', '灵能爆表', '减伤屏障'","'阿塔尼斯', '蒙斯克'",滋生腐化,2,,,,,
8741db7074f94003ad3d50b1477d9f3e,亡者之夜,"'扫雷大战', '无边恐惧'","'凯瑞甘', '泽拉图'",旧世步兵团,1,,,,,
037eaf6f55074ca5a9df4e5cb5263391,升格之链,"'激光钻机', '虚空裂隙', '晶矿护盾', '坚强意志'","'德哈卡', '阿塔尼斯'",帝国战斗群,3,,,,,裂隙突变
bac8be6f670749b7923fe7b56431abfe,营救矿工,"'激光钻机', '黑死病'",'阿拉纳克',族长之军,2,,,,,
4d7b356130c24bbdb838425d767a37a5,熔火危机,"'混乱工作室', '短视症', '杀戮机器人'","'斯台特曼', '扎加拉'",帝国战斗群,3,,,,,
5296f9be028a458d92c12e3c218f81a6,虚空撕裂,"'飞弹大战', '混乱工作室', '给我死吧', '丧尸大战'","'斯旺', '泰凯斯'",暗影科技团,3,,,,,
482a88ba0be746beb9bf8f163fb75eb3,营救矿工,"'时空立场', '虚空裂隙', '时间扭曲', '暗无天日', '扫雷大战'","'德哈卡', '泽拉图'",卡莱的希望,3,,,,,裂隙突变
9f4f127cb95e405db3ada57a9a86dca1,死亡摇篮,"'杀生业报', '光子过载', '速度狂魔', '伤害散射', '时间扭曲', '生命汲取'","'斯旺', '菲尼克斯'",滋生腐化,3,,,,,
c98e57a8587c477e9f93226aca0a120a,虚空降临,"'杀生业报', '虚空重生者', '轨道轰炸'","'凯瑞甘', '雷诺'",艾尔先锋,2,,,,,
7686a28706ef41a2af0edc60b4aa0ef7,机会渺茫,"'复仇战士', '闪避机动', '超远视距', '净化光束'","'诺娃', '斯旺'",卡莱的希望,2,,,,,
3545ef828ef84f93b127141aa955a2d9,虚空降临,"'混乱工作室', '暗无天日', '鼓舞人心', '无边恐惧'","'沃拉尊', '阿巴瑟'",战争机械团,2,,,,,
666c74a1728e436ebcc5c0b6e1b22212,机会渺茫,"'默哀', '闪避机动', '虚空重生者'","'斯旺', '蒙斯克'",爆炸威胁,2,,,,,
f38e9a502cbf42c8a49882f7ebbb6d7d,虚空撕裂,"'时间扭曲', '飞弹大战', '黑死病', '激光钻机'","'沃拉尊', '阿巴瑟'",遮天蔽日,3,,,,,
e6ee92d5ad604c9cb2d542699db28f80,营救矿工,"'扫雷大战', '黑死病', '坚强意志'",'雷诺',艾尔先锋,5,,,,,
9ed586693c0e4f0a9acedc7a3b0f92ed,黑暗杀星,"'暗无天日', '幸运红包', '默哀', '轨道轰炸', '光子过载'","'斯托科夫', '泰凯斯'",袭扰炮击,2,,,,,
5c940bd9a7bd478fbfcf1d858157e56a,亡者之夜,"'丧尸大战', '超远视距', '进攻部署', '岩浆爆发'","'斯旺', '阿塔尼斯'",袭扰炮击,3,,,,,
460efafd0c044b8d9fcb2c66453df5c7,聚铁成兵,"'行尸走肉', '龙卷风暴', '暴风雪', '闪避机动'",'斯台特曼',暗影科技团,2,,,,,裂隙突变
e2f566e4d9d94b7694327836082c45a3,虚空撕裂,"'净化光束', '同化体'","'德哈卡', '斯旺'",大师机械,1,,,,,
5486e1a6621e4ca0869626fad0fa32f6,亡者之夜,"'自毁程序', '时间扭曲', '杀戮机器人'","'蒙斯克', '斯托科夫'",艾尔先锋,4,,,,,
1a96219aed1d4ed695c67201fa40fdce,虚空撕裂,"'强磁雷场', '幸运红包', '双重压力', '同化体'","'霍纳与汉', '斯托科夫'",旧世步兵团,2,,,,,
34f477065ea34b3887c967acca812453,黑暗杀星,"'龙卷风暴', '力量蜕变', '超远视距', '灵能爆表'","'凯拉克斯', '沃拉尊'",大师机械,3,,,,,
c9f7a3c5f6654e0685882cd05bc1bb40,死亡摇篮,"'黑死病', '扫雷大战', '暴风雪', '行尸走肉', '给我死吧'",'斯台特曼',步战机甲,4,,,,,
1f02d6fdc2394fac89b779099599da5c,熔火危机,"'核弹打击', '速度狂魔'",'阿拉纳克',族长之军,2,,,,,
8daf2ed63e5d4057a5e470496796bf95,熔火危机,"'混乱工作室', '生命汲取', '力量蜕变'","'阿拉纳克', '阿塔尼斯'",突击团,2,,,,,
d0aa1c4efd154b2f905bd812435dc8f7,虚空降临,"'时空立场', '闪避机动', '风暴英雄', '强行征用'","'斯旺', '菲尼克斯'",旧世机械团,2,,,,,
95431c3cee284e949fba377c7b48b505,营救矿工,"'伤害散射', '黑死病', '鼓舞人心', '异形寄生'","'蒙斯克', '德哈卡'",战争机械团,2,,,,,
5d08cb2f57d248acba9a9108d71425ef,聚铁成兵,"'岩浆爆发', '闪避机动', '默哀', '强行征用', '双重压力'","'德哈卡', '阿巴瑟'",步战机甲,2,,,,,
4cc4ea4ab65846638197fec6017d07f8,湮灭快车,"'混乱工作室', '暗无天日', '无边恐惧', '激光钻机'","'斯托科夫', '斯台特曼'",爆炸威胁,3,,,,,裂隙突变
a4419f04af2e4edeb8fef38172ec14fa,营救矿工,"'光子过载', '超远视距'","'德哈卡', '沃拉尊'",旧世步兵团,2,,,,,
4d150e02573b437cb33adde5c7029646,虚空降临,"'激光钻机', '默哀', '净化光束', '伤害散射'","'蒙斯克', '雷诺'",突击团,2,,,,,
d4b2eaba7c604768a7510948c122e240,虚空撕裂,"'扫雷专家', '虚空裂隙', '风暴英雄', '默哀'","'阿拉纳克', '扎加拉'",步战机甲,4,,,,,
a516ced7f75347d2bc734708bf4f9f00,克哈裂痕,"'扫雷专家', '生命吸取'","'蒙斯克', '扎加拉'",侵略虫群,1,清完12点雷autowin,,,,
33645602180e4f7089e4019800fef39c,湮灭快车,"'闪避机动', '生命吸取', '行尸走肉', '虚空重生者'","'菲尼克斯', '诺娃'",突击团,3,,,,,
2576f023031b43ee9d18244ef41598f6,熔火危机,"'龙卷风暴', '岩浆爆发', '轨道轰炸', '净化光束'","'菲尼克斯', '德哈卡'",侵略虫群,2,,,,,
3defe541b0ab43929e33faadd18ca567,虚空降临,"'速度狂魔', '杀戮机器人'",'阿塔尼斯',滋生腐化,5,,,,,
8ebc208adaaa4f768e9d08db7fa35f10,往日神庙,"'生命汲取', '致命勾引', '超远视距', '风暴英雄', '震荡攻击', '生命吸取'","'泰凯斯', '雷诺'",帝国战斗群,5,,,,,
4d6a6ecaa53e4b29986636355f17f080,熔火危机,'生命汲取',"'斯托科夫', '凯拉克斯'",战争机械团,1,,,,,
3503a0ce4b2e4510854ae428bd8fd3f4,聚铁成兵,"'同化体', '岩浆爆发', '给我死吧', '来去无踪'","'斯托科夫', '斯台特曼'",艾尔先锋,3,,,,,
80074849fcca409c8870b755d68ce1d4,机会渺茫,"'速度狂魔', '默哀', '激光钻机'","'霍纳与汉', '阿塔尼斯'",艾尔先锋,2,,,,,
d22a8c142d7640c9b5c5d7149a08a204,营救矿工,"'灵能爆表', '来去无踪', '暗无天日', '鼓舞人心'","'凯瑞甘', '阿拉纳克'",旧世步兵团,2,,,,,
79f56f320d2147b5a9cb62cfb4b2c3b7,虚空撕裂,"'给我死吧', '生命吸取', '扫雷专家', '风暴英雄', '虚空裂隙'","'雷诺', '阿拉纳克'",肆虐扩散,4,,,,,
3a30d2e3d4764de487a469bb6bbbec3f,升格之链,"'复仇战士', '默哀', '双重压力', '减伤屏障'","'阿巴瑟', '蒙斯克'",步战机甲,2,,,,,
0f07c624c10e41a281b946d35356b309,净网行动,"'行尸走肉', '复仇战士', '无边恐惧', '暗无天日'","'斯托科夫', '阿塔尼斯'",族长之军,2,,,,,
f92e9215980a4bc6b2795aa777ec280c,天界封锁,"'时空立场', '进攻部署'","'菲尼克斯', '雷诺'",旧世机械团,1,,,,,
f35545fb0da64ee6a0c1b43f49509e7e,亡者之夜,"'生命汲取', '激光钻机', '虚空裂隙', '焦土政策'","'霍纳与汉', '阿巴瑟'",卡莱的希望,3,,,,,
d1df29fdd8cd40bab3b8df52d2bb048f,虚空撕裂,"'生命吸取', '虚空裂隙', '震荡攻击', '伤害散射'","'霍纳与汉', '沃拉尊'",帝国战斗群,3,,,,,裂隙突变
09e9b124a5e646d6b0ae67324cb4cad7,熔火危机,"'致命勾引', '伤害散射', '行尸走肉'","'阿拉纳克', '凯拉克斯'",风暴迫临,2,,,,,
82d267dfafe94ffda2388a4ceeb98528,亡者之夜,"'暴风雪', '进攻部署', '双重压力'","'斯台特曼', '阿塔尼斯'",风暴迫临,2,,,,,
7b4aef05fc464500acec1776ae525aa3,克哈裂痕,"'光子过载', '闪避机动', '生命吸取'","'蒙斯克', '霍纳与汉'",步战机甲,1,克哈炮王,,,,
8880f65c22ba4c4fadad83602ce81102,往日神庙,"'虚空裂隙', '风暴英雄', '激光钻机'","'阿塔尼斯', '霍纳与汉'",风暴迫临,4,,,,,裂隙突变
e145b040dfd949a78a60f781c958657e,亡者之夜,"'时间扭曲', '致命勾引', '生命吸取'","'斯台特曼', '霍纳与汉'",肆虐扩散,4,,,,,
e55464a2fb424b538b7fb826a13b27c1,亡者之夜,"'光子过载', '同化体', '强行征用', '暴风雪'","'沃拉尊', '斯托科夫'",风暴迫临,3,,,,,
9787e4a4ba2247e18199648dbc3c876e,机会渺茫,"'短视症', '杀生业报', '暴风雪', '虚空重生者', '无边恐惧'","'诺娃', '雷诺'",战争机械团,3,,,,,
e513e58cb21040f99f00660b073a7526,虚空撕裂,"'力量蜕变', '震荡攻击', '强行征用', '致命勾引', '扫雷大战'","'沃拉尊', '霍纳与汉'",风暴迫临,4,,,,,
792e8e5207d14d4aa1a2c44d1062d6ea,天界封锁,"'鼓舞人心', '黑死病', '复仇战士', '激光钻机', '相互摧毁', '异形寄生'","'斯托科夫', '菲尼克斯'",步战机甲,3,,,,,
ec57ae3bce524de1b1349dddf799d282,熔火危机,"'无边恐惧', '核弹打击', '轨道轰炸', '短视症'","'扎加拉', '斯台特曼'",爆炸威胁,2,,,,,
4afcefc321484f2e99d1d0ecaf4e99cd,往日神庙,"'闪避机动', '时空立场'","'斯旺', '雷诺'",步战机甲,1,,,,,
b4b4ff19e8c4455c8ab28de8da5fa72f,湮灭快车,"'暴风雪', '丧尸大战'","'菲尼克斯', '阿塔尼斯'",爆炸威胁,1,,,,,
88a878ff6d9b42da9799d5a38dc889c8,天界封锁,"'飞弹大战', '丧尸大战', '异形寄生', '焦土政策', '晶矿护盾'","'霍纳与汉', '泰凯斯'",旧世机械团,1,,,,,
a0577091b0df4a2bbee4bffa77ef08c8,机会渺茫,"'力量蜕变', '礼尚往来', '伤害散射', '扫雷大战', '异形寄生'","'蒙斯克', '菲尼克斯'",突击团,4,,,,,
076df43c8b154459b5320c9c2c1a9711,聚铁成兵,'强行征用','诺娃',滋生腐化,1,有因子吗。。,,,,
fa1d973d240a4cfd806cbabaf1787aef,净网行动,"'扫雷大战', '相互摧毁', '净化光束'","'斯旺', '霍纳与汉'",艾尔先锋,2,,,,,
886166f3d4fa4b84badaeadb373e0add,往日神庙,"'生命吸取', '速度狂魔', '时空立场', '杀戮机器人'","'诺娃', '阿拉纳克'",卡莱的希望,2,,,,,
c768072dede44fba84e8da91bd7efccc,熔火危机,"'无边恐惧', '灵能爆表', '暴风雪', '力量蜕变'","'菲尼克斯', '泽拉图'",艾尔先锋,3,,,,,裂隙突变
b9d2ed378d8840c5ab0d25bd81a42ef3,机会渺茫,"'灵能爆表', '力量蜕变', '虚空裂隙', '风暴英雄'","'阿巴瑟', '凯拉克斯'",族长之军,4,,,,,
8ab5bacc9a1d46edac54f624f103abe4,死亡摇篮,"'轨道轰炸', '无边恐惧', '闪避机动', '短视症', '扫雷专家'","'雷诺', '阿塔尼斯'",暗影科技团,2,,,,,裂隙突变
74d02ea5ddd94d888fd6da95ea36a6a0,死亡摇篮,"'来去无踪', '黑死病', '龙卷风暴'","'扎加拉', '斯托科夫'",袭扰炮击,2,,,,,
3e4538aa76e6484fa1ce7e776a7058c2,虚空撕裂,"'岩浆爆发', '坚强意志', '复仇战士'",'阿巴瑟',滋生腐化,3,,,,,
c61aa08eea20469f83639dd0d9cfe3ec,虚空撕裂,"'力量蜕变', '混乱工作室', '丧尸大战', '灵能爆表'","'凯瑞甘', '泰凯斯'",族长之军,3,,,,,
bd1f0a1e9bd648b28fdea5f564a4da4b,虚空降临,"'虚空重生者', '异形寄生'","'雷诺', '斯台特曼'",卡莱的希望,2,,,,,
078d7bf7682b4cba9903010aca9ac98c,死亡摇篮,"'短视症', '光子过载', '无边恐惧'","'泽拉图', '雷诺'",步战机甲,2,一个雷达一个出兵,,,,
b03c391daf634bb998d52af66714ce0b,往日神庙,"'轨道轰炸', '双重压力', '净化光束', '扫雷专家'","'诺娃', '雷诺'",旧世步兵团,3,,,,,
1189b0615b3240698bf297c0cacbfd7a,黑暗杀星,"'速度狂魔', '幸运红包', '时空立场', '虚空重生者'","'霍纳与汉', '阿巴瑟'",卡莱的希望,2,,,,,
e0ffea13e7c7480d9497c2aa4aa262a5,升格之链,"'短视症', '鼓舞人心', '超远视距', '虚空裂隙', '风暴英雄', '灵能爆表'","'沃拉尊', '扎加拉'",暗影科技团,5,,,,,
7303b937bd8644579a4cee388df4c34f,虚空降临,"'激光钻机', '鼓舞人心', '虚空裂隙', '同化体', '核弹打击', '风暴英雄'","'斯台特曼', '凯拉克斯'",卡莱的希望,4,,,,,
5da7a2c58fd14081bda16d8eca138859,机会渺茫,"'丧尸大战', '暴风雪', '灵能爆表', '虚空裂隙', '虚空重生者'","'雷诺', '霍纳与汉'",暗影袭扰,4,,,,,
a1722a22a83c4453b09277446604b1c7,虚空撕裂,"'异形寄生', '短视症', '复仇战士', '减伤屏障'","'雷诺', '凯拉克斯'",旧世步兵团,3,,,,,
c6c939812e4145e19e21d269fcb37355,死亡摇篮,"'速度狂魔', '幸运红包', '震荡攻击', '伤害散射', '虚空裂隙', '给我死吧'","'泰凯斯', '德哈卡'",风暴迫临,5,,,,,
8ac1e4963290457b8545877d51156bc0,死亡摇篮,"'行尸走肉', '激光钻机', '闪避机动', '同化体', '扫雷专家', '力量蜕变'","'斯托科夫', '阿巴瑟'",爆炸威胁,5,,,,,
28b2f435417f43f3a82ae1ae863a3664,亡者之夜,"'异形寄生', '闪避机动'","'霍纳与汉', '扎加拉'",战争机械团,1,,,,,
69a0dbe105cb4c1ead43b822001be66f,黑暗杀星,"'激光钻机', '扫雷专家', '时间扭曲', '虚空裂隙', '同化体', '虚空重生者', '坚强意志'","'蒙斯克', '泰凯斯'",暗影科技团,4,,,,,
5e4a19260a2a4fd6a0efd83f62e494a1,亡者之夜,"'来去无踪', '岩浆爆发', '杀生业报', '杀戮机器人', '飞弹大战', '进攻部署'","'泰凯斯', '阿塔尼斯'",暗影科技团,5,,,,,
7b97c7491b5f4edaafd599c97670c7db,往日神庙,"'岩浆爆发', '灵能爆表', '行尸走肉', '扫雷大战', '礼尚往来'","'斯旺', '凯拉克斯'",肆虐扩散,3,,,,,
3962c2329c61425abaecbea626638af3,虚空降临,"'轨道轰炸', '伤害散射', '行尸走肉', '扫雷专家', '核弹打击', '龙卷风暴'","'沃拉尊', '斯托科夫'",遮天蔽日,4,,,,,裂隙突变
29cb4d694c6745b5b74a10d75d5cbef8,克哈裂痕,"'核弹打击', '风暴英雄', '虚空裂隙', '激光钻机'","'斯托科夫', '蒙斯克'",袭扰炮击,4,,,,,裂隙突变
3bfc5d27cf714f85be898d3ab6bb3323,虚空降临,"'混乱工作室', '扫雷专家', '暗无天日', '减伤屏障', '虚空重生者'","'蒙斯克', '斯旺'",滋生腐化,4,,,,,
00599a12bf6c44fe886ddca8518a0af0,机会渺茫,"'黑死病', '相互摧毁', '虚空重生者', '默哀', '震荡攻击', '双重压力'","'阿巴瑟', '阿塔尼斯'",卡莱的希望,3,,,,,
a510a720f41741ef814bf17c97e81511,虚空撕裂,"'时空立场', '灵能爆表', '行尸走肉', '鼓舞人心'","'霍纳与汉', '扎加拉'",肆虐扩散,3,,,,,
85f75106a4d64b55b169e37679bde116,熔火危机,"'减伤屏障', '力量蜕变', '来去无踪', '速度狂魔', '虚空裂隙'","'霍纳与汉', '雷诺'",大师机械,5,,,,,
5de8260f578c40c18c75ad97b11e1393,营救矿工,"'虚空裂隙', '飞弹大战', '核弹打击'",'德哈卡',帝国战斗群,4,,,,,裂隙突变
2e5bfa80cb2245468efeb87ff4497aab,亡者之夜,"'异形寄生', '激光钻机', '同化体', '闪避机动'","'阿拉纳克', '斯台特曼'",风暴迫临,,,,,,
196f41aede614dba9814dd2f3c8b55be,虚空降临,"'力量蜕变', '光子过载', '同化体'","'斯旺', '德哈卡'",卡莱的希望,,,,,,
ca71001506184c378d852d7238f66ac8,克哈裂痕,"'时空立场', '岩浆爆发', '来去无踪', '闪避机动', '风暴英雄', '异形寄生'","'凯拉克斯', '诺娃'",爆炸威胁,,,,,,
3c2aa1df1e974495974df4f4c62542ce,升格之链,"'震荡攻击', '双重压力'",'阿拉纳克',暗影科技团,,,,,,
b2330f7587be4ef080be3dcefce20ed6,升格之链,'相互摧毁','斯旺',旧世机械团,2,,,,,
e0605ddeebe443afa171100fda62aa93,虚空撕裂,"'灵能爆表', '扫雷大战', '自毁程序', '龙卷风暴', '闪避机动'","'阿塔尼斯', '泰凯斯'",侵略虫群,,,,,,
8f8d275a9d2841fbac88cef8f535a4a7,熔火危机,"'坚强意志', '短视症', '激光钻机', '礼尚往来', '震荡攻击'","'沃拉尊', '斯旺'",滋生腐化,,,,,,
8cf7394c2265451da29a2b205400a482,天界封锁,"'超远视距', '净化光束', '风暴英雄', '飞弹大战'","'泰凯斯', '斯旺'",爆炸威胁,,,,,,
5b68a39eec2d4734b14d4a9a12ea86a1,天界封锁,"'轨道轰炸', '龙卷风暴', '复仇战士', '时空立场', '坚强意志', '来去无踪'","'斯台特曼', '阿拉纳克'",步战机甲,,,,,,
458a4011a7ab4736a566b7094abdaf89,熔火危机,'杀戮机器人',"'扎加拉', '斯托科夫'",突击团,,,,,,
e3d7a9a04f46430ab096f012e1e7c6fa,机会渺茫,'强磁雷场','诺娃',大师机械,2,,,,,
c06168dd982b455ba2556d417c69d8c6,亡者之夜,"'强行征用', '时间扭曲', '暴风雪', '扫雷专家'","'阿巴瑟', '斯台特曼'",侵略虫群,,,,,,
6d7b1fd41cdc42a19efac1cf07117012,熔火危机,"'生命汲取', '暗无天日', '扫雷大战'",'沃拉尊',遮天蔽日,,,,,,
51c0a2cad98f4f5ca99ed2ee8c732678,天界封锁,"'黑死病', '风暴英雄'","'雷诺', '泰凯斯'",族长之军,,,,,,
10aab5dd10774e14bc8cbbcf1bae0b4d,克哈裂痕,"'强磁雷场', '默哀', '复仇战士'","'菲尼克斯', '扎加拉'",族长之军,,,,,,
c57d7ae226134ef883212f49e0820ff7,亡者之夜,"'震荡攻击', '丧尸大战'","'阿拉纳克', '雷诺'",族长之军,,,,,,
a35d17191926405d802c1b0dd852f7b7,往日神庙,"'鼓舞人心', '无边恐惧', '灵能爆表'","'菲尼克斯', '斯台特曼'",遮天蔽日,,,,,,
3f651770ea834d55881c473547b9b64e,天界封锁,"'行尸走肉', '灵能爆表', '复仇战士'","'德哈卡', '沃拉尊'",风暴迫临,,,,,,
c1bf3ba930a3423da7103e645ea977d9,升格之链,"'自毁程序', '时间扭曲'","'凯瑞甘', '雷诺'",旧世机械团,,,,,,裂隙突变
869e7e74781d4fb7ba28c3a62e86a1af,营救矿工,"'来去无踪', '自毁程序', '异形寄生', '激光钻机', '虚空裂隙'","'阿塔尼斯', '阿巴瑟'",旧世机械团,,,,,,裂隙突变
33f0bf6c880e421c966067c6dad69fab,天界封锁,"'混乱工作室', '风暴英雄', '暗无天日', '闪避机动'","'泰凯斯', '阿拉纳克'",风暴迫临,,,,,,
0df2ffddfeb148ebb9ca3c90122a855d,熔火危机,"'生命吸取', '光子过载', '混乱工作室'","'斯旺', '诺娃'",旧世机械团,,,,,,
b2690193e5ed4e38aaadd65763392741,虚空降临,"'坚强意志', '超远视距', '礼尚往来', '晶矿护盾', '杀生业报'","'德哈卡', '阿塔尼斯'",侵略虫群,,,,,,
7ef622789163410c8409702b0ef6a24b,营救矿工,"'激光钻机', '强行征用', '复仇战士'",'斯台特曼',艾尔先锋,2,,,,,
ac05d19ecdf042e9b5bee56fc0a33977,死亡摇篮,"'生命吸取', '扫雷大战'","'泰凯斯', '蒙斯克'",帝国战斗群,1,,,,,
e3be2ae2e37d476088cb651e8b327473,机会渺茫,"'幸运红包', '进攻部署', '暗无天日', '速度狂魔'","'阿拉纳克', '凯拉克斯'",滋生腐化,1,,,,,裂隙突变
1574a203d3574bfd93eb8769489e583e,机会渺茫,'扫雷专家',"'阿塔尼斯', '霍纳与汉'",暗影袭扰,2,,,,,
f3d0acc6be634d81995ce8af46c0f29b,克哈裂痕,"'幸运红包', '无边恐惧'","'霍纳与汉', '沃拉尊'",族长之军,1,,,,,
be2633e828e648e89ea8907a15e8bcec,升格之链,'岩浆爆发',"'斯托科夫', '斯旺'",旧世机械团,1,sqlz汇聚射线,,,,
5041bd6f887e47bb81fca6e797ccc019,机会渺茫,'虚空重生者',"'斯托科夫', '阿巴瑟'",滋生腐化,1,,,,,
c04269ba19b94d5587442278f577de69,天界封锁,"'强行征用', '力量蜕变', '坚强意志', '虚空裂隙'","'凯拉克斯', '菲尼克斯'",步战机甲,2,,,,,裂隙突变
9ea5061da49743aeae257f1b0b113f88,熔火危机,"'焦土政策', '鼓舞人心'","'斯旺', '阿塔尼斯'",风暴迫临,1,,,,,
48df90c45fd84ac3bf4bfab594609950,死亡摇篮,"'扫雷大战', '短视症', '复仇战士'","'德哈卡', '斯台特曼'",暗影袭扰,,,,,,
298c082cc96b430d968c31edc435f925,天界封锁,"'默哀', '晶矿护盾'",'凯瑞甘',突击团,1,吃点熟练度,,,,
1f1c5b8096c74230a58a8cf9762fda68,湮灭快车,"'虚空裂隙', '生命吸取', '风暴英雄', '相互摧毁'","'蒙斯克', '沃拉尊'",族长之军,,,,,,裂隙突变
d902111b535749f19a178ec55f8a1d58,克哈裂痕,"'丧尸大战', '礼尚往来', '幸运红包', '超远视距', '光子过载'","'阿拉纳克', '菲尼克斯'",肆虐扩散,,,,,,
80ee6c495b7643cf8d7627622b0e3934,湮灭快车,"'虚空裂隙', '力量蜕变'","'凯瑞甘', '霍纳与汉'",袭扰炮击,3,,,,,裂隙突变
f3fc15169d1446e8941acb8bcdfd11c5,聚铁成兵,"'时空立场', '进攻部署', '灵能爆表'","'蒙斯克', '诺娃'",突击团,,,,,,
63ba94b5b32f44818555dc5615231061,虚空撕裂,"'生命汲取', '灵能爆表', '自毁程序'","'斯旺', '霍纳与汉'",侵略虫群,,,,,,
210cd231753d4ccf87ccb5bb02ee039a,机会渺茫,"'坚强意志', '速度狂魔', '超远视距', '黑死病', '暗无天日'","'斯托科夫', '霍纳与汉'",战争机械团,,,,,,
55ac893320264ed2809167f08b50f3c4,湮灭快车,"'短视症', '异形寄生', '复仇战士', '速度狂魔'","'蒙斯克', '菲尼克斯'",帝国战斗群,,,,,,
e6901cd169d64df7a3fde8d86f300365,营救矿工,"'幸运红包', '扫雷大战', '虚空裂隙', '黑死病', '净化光束'","'扎加拉', '阿塔尼斯'",旧世步兵团,,,,,,裂隙突变
7e7eeee3996740e6b73d7b0deb5fbd4d,虚空降临,"'混乱工作室', '双重压力', '焦土政策', '黑死病'","'凯拉克斯', '蒙斯克'",袭扰炮击,,,,,,
467f52566df2470cb88139172bf9aea7,天界封锁,"'超远视距', '异形寄生'","'扎加拉', '蒙斯克'",肆虐扩散,2,,,,,
742b049b63f04d81abc1bacce2707343,虚空撕裂,"'光子过载', '幸运红包'","'雷诺', '泽拉图'",袭扰炮击,1,,,,,
55c730b74fb9418a9971e56d1e8fd041,机会渺茫,"'自毁程序', '杀生业报', '晶矿护盾'","'凯瑞甘', '雷诺'",风暴迫临,1,地嗪风暴p,,,,
d1b24a7e030b4282a21d066e5b3743a9,聚铁成兵,"'光子过载', '扫雷专家', '致命勾引', '伤害散射', '超远视距'","'斯台特曼', '阿巴瑟'",战争机械团,,,,,,
a03752a137cb41febdf00c255f2e1e59,往日神庙,'短视症',"'凯瑞甘', '霍纳与汉'",战争机械团,1,,,,,
fcc4097b5f714ca28f4918426e0250b8,聚铁成兵,"'暗无天日', '震荡攻击', '幸运红包'","'斯旺', '凯拉克斯'",步战机甲,1,,,,,
deaf8de96b67471eb37eec3b7ee8967e,营救矿工,"'核弹打击', '暴风雪', '伤害散射', '强磁雷场'","'雷诺', '霍纳与汉'",暗影袭扰,,,,,,
cbbcbff25e2e46969a0528383a856fa9,亡者之夜,"'行尸走肉', '双重压力', '力量蜕变', '杀戮机器人'","'阿巴瑟', '斯台特曼'",旧世机械团,3,,,,,
684cbd4a907041c492cd13820b61d57c,营救矿工,"'扫雷专家', '核弹打击', '力量蜕变'","'德哈卡', '凯拉克斯'",步战机甲,1,,,,,
b1f23698cda04eda94d91dba33190ba5,湮灭快车,"'时空立场', '闪避机动', '扫雷专家', '黑死病', '幸运红包'","'霍纳与汉', '阿拉纳克'",爆炸威胁,3,,,,,
5dae3f8deab64995ae7efb3b86e151ba,亡者之夜,"'自毁程序', '飞弹大战', '幸运红包', '净化光束', '光子过载'","'诺娃', '德哈卡'",战争机械团,3,诺娃速刷，不然二哈就要打飞弹了,,,,
3e9ec8dc6ec44a7cb74dd5b0e1058b2f,天界封锁,"'时间扭曲', '晶矿护盾', '杀戮机器人', '进攻部署', '丧尸大战', '鼓舞人心'","'德哈卡', '斯台特曼'",袭扰炮击,3,,,,,
3da6c3bb4f5044ae8b4d0123da8482a9,聚铁成兵,'相互摧毁','凯瑞甘',暗影科技团,2,解放和刷兵混核体注意一下,,,,
1396d9b01d404a319d9c6d99a61d4563,亡者之夜,"'强行征用', '复仇战士', '灵能爆表'",'霍纳与汉',肆虐扩散,5,米拉真能打吗,,,,
f86ebaf6032b4a0d85dda1d6eec25d03,升格之链,"'同化体', '强行征用'","'阿拉纳克', '菲尼克斯'",爆炸威胁,1,,,,,
3bf8cdde16944198a1a0d7a784c9fecd,熔火危机,"'龙卷风暴', '强磁雷场', '给我死吧'","'德哈卡', '斯托科夫'",族长之军,1,原神会出手,,,,
a00d201e2cb94eec9476ffc66ccaae86,聚铁成兵,"'鼓舞人心', '短视症', '超远视距', '激光钻机'","'蒙斯克', '泽拉图'",遮天蔽日,2,炮偷,,,,
e36b4088aacf4f7bb408adf5719e26d5,虚空撕裂,'鼓舞人心',"'雷诺', ",滋生腐化,1,开飞机,,,,
ef0c302703a9470c9ce0744e4379641d,聚铁成兵,'虚空重生者',"'泰凯斯', ",暗影袭扰,1,,,,,
83a2f4f63f844f5f8cd5bce0e515f26b,湮灭快车,"'幸运红包', '时间扭曲', '净化光束', '生命汲取', '速度狂魔'","'斯台特曼', '扎加拉'",遮天蔽日,1,,,,,
6b5abc778dc7450e8ef8e192d3d6db82,升格之链,"'双重压力', '超远视距', '杀戮机器人', '给我死吧', '扫雷大战', '同化体'","'斯旺', '诺娃'",爆炸威胁,4,,,,,
83455c2c41b7496dbd9f3a0a5a6a23e9,死亡摇篮,'给我死吧',"'阿塔尼斯', '凯拉克斯'",大师机械,1,,,,,
769dcf4e707c4dfba86865e8e9d23c3c,营救矿工,"'扫雷专家', '灵能爆表', '焦土政策', '伤害散射'","'德哈卡', '菲尼克斯'",突击团,2,,,,,
76eceb36b53e405bb9e80297ab185660,熔火危机,"'时间扭曲', '杀生业报', '致命勾引', '强磁雷场', '晶矿护盾'","'斯台特曼', '泰凯斯'",爆炸威胁,3,勾引矿盾，杀生tks，喔爽,,,,
add948cf9cbf4471a392d72381faf0be,湮灭快车,"'默哀', '暗无天日', '时空立场', '力量蜕变', '激光钻机', '速度狂魔'",'扎加拉',族长之军,3,,,,,
90566449038d459e965a6ae92c36c6ad,亡者之夜,"'暴风雪', '丧尸大战'","'菲尼克斯', '阿塔尼斯'",暗影科技团,2,,,,,裂隙突变
5f509713951b48098e943a5e256df0a4,天界封锁,"'强磁雷场', '杀生业报', '飞弹大战', '礼尚往来', '幸运红包', '自毁程序'","'斯旺', '雷诺'",暗影科技团,,,,,,
35d6de2d044d4f07b8e5ff64ef09edd6,虚空撕裂,"'净化光束', '鼓舞人心', '幸运红包', '丧尸大战', '混乱工作室'","'泰凯斯', '雷诺'",族长之军,3,,,,,
506a9d3d63614167a7a32886b88895a4,黑暗杀星,"'给我死吧', '杀生业报', '扫雷专家'","'斯托科夫', '沃拉尊'",突击团,2,族长偷柱子,,,,
5f110b365b774438808fe20be2ff1d9b,机会渺茫,"'进攻部署', '闪避机动', '礼尚往来'","'阿拉纳克', '蒙斯克'",突击团,,,,,,
667f0d90cead43d393486419dae9f116,虚空撕裂,"'暴风雪', '强行征用', '相互摧毁', '同化体', '激光钻机'","'泽拉图', '凯拉克斯'",帝国战斗群,2,,,,,
0f1472b512024fb2ba7a7113bd14fdf9,天界封锁,"'生命汲取', '减伤屏障'","'阿巴瑟', '斯台特曼'",族长之军,1,,,,,
15b0b266379f46cab278f67ef6dd2e23,亡者之夜,"'伤害散射', '进攻部署', '灵能爆表', '丧尸大战', '杀戮机器人'","'凯瑞甘', '扎加拉'",风暴迫临,4,,,,,裂隙突变
96764852c3b74b97a55b8b50ce4540a2,营救矿工,"'相互摧毁', '短视症', '灵能爆表', '虚空裂隙', '力量蜕变'","'扎加拉', '雷诺'",艾尔先锋,5,都是combo，杀了炸鸡吧,,,,
e40f9cdf68404079b9284b4bad839963,升格之链,"'复仇战士', '速度狂魔'","'菲尼克斯', '诺娃'",暗影科技团,1,,,,,
98da500d90af4d76ab4ee7033055cec7,虚空降临,"'震荡攻击', '复仇战士', '短视症'","'泰凯斯', '斯台特曼'",族长之军,1,,,,,
e14d5e1dbabb49439de47cf42a922428,机会渺茫,"'杀戮机器人', '生命汲取', '给我死吧'",'凯瑞甘',肆虐扩散,,,,,,
47c5e1312e0b49c5b6bd557080594701,营救矿工,"'行尸走肉', '生命吸取', '晶矿护盾', '轨道轰炸'","'泰凯斯', '斯台特曼'",暗影袭扰,1,,,,,
92e7ad9ea5574f5d85a9c0687c6f6378,克哈裂痕,"'复仇战士', '震荡攻击', '杀戮机器人', '鼓舞人心'","'斯旺', ",帝国战斗群,,,,,,
5472881f5dd4411ba2d0917db1352aaa,湮灭快车,"'礼尚往来', '生命汲取', '飞弹大战'",'泽拉图',袭扰炮击,,,,,,
62a3c7ad7e9f406fae5b1f64dcf963ef,湮灭快车,"'轨道轰炸', '风暴英雄', '伤害散射', '异形寄生'","'雷诺', '霍纳与汉'",旧世步兵团,3,,,,,
e8c6e58aabd74e52a73022e97f840285,机会渺茫,"'同化体', '岩浆爆发', '扫雷大战', '灵能爆表', '双重压力'","'沃拉尊', '斯台特曼'",大师机械,,,,,,
6149164e63a84476b2f00ef8f4c3a69e,升格之链,"'进攻部署', '默哀'","'泰凯斯', '泽拉图'",肆虐扩散,2,要求会找神器，知道默哀和部署啥效果,,,,
3a979e82fdcb48fb9689ffb2276bba4e,净网行动,"'力量蜕变', '光子过载', '复仇战士', '无边恐惧'","'德哈卡', '泽拉图'",旧世机械团,,,,,,
0e4ace74492b48dc9653e3742fb116cf,升格之链,"'同化体', '超远视距', '岩浆爆发', '生命汲取'","'德哈卡', '斯台特曼'",族长之军,,,,,,
9fa8baadcdf044a888c5efc82323247f,黑暗杀星,"'无边恐惧', '暗无天日', '伤害散射'","'菲尼克斯', '凯拉克斯'",战争机械团,2,,,,,
5d86ceb9a25c4a208d400d153c342c01,死亡摇篮,"'鼓舞人心', '自毁程序', '净化光束'","'霍纳与汉', '德哈卡'",暗影科技团,1,,,,,
0ce6075fb9d6452ab2ad5b5d6b2f3f9b,机会渺茫,"'异形寄生', '行尸走肉', '虚空重生者', '无边恐惧'","'霍纳与汉', '阿塔尼斯'",帝国战斗群,3,米拉照红衣,,,,
cd66b55ef419475bb886dde74fc97cf8,营救矿工,'杀戮机器人',"'诺娃', '蒙斯克'",大师机械,2,,,,,
f2d4eee5544745459ab5e422e08bddb5,往日神庙,'来去无踪','霍纳与汉',肆虐扩散,,,,,,
4441150b651d4764924f72e362431e11,克哈裂痕,"'自毁程序', '时间扭曲', '光子过载', '时空立场'","'斯台特曼', '阿巴瑟'",滋生腐化,,,,,,
a2f1c764aa8a49e8973acf2215cb5d1a,升格之链,"'异形寄生', '晶矿护盾', '强行征用'","'诺娃', '蒙斯克'",滋生腐化,1,,,,,
c8f8be9fcbd3439ca28c4c5879d9c3a6,营救矿工,"'暴风雪', '黑死病', '混乱工作室', '强磁雷场', '行尸走肉'","'诺娃', '凯拉克斯'",族长之军,,,,,,
da89a78848884fa3ab3e1983a9a759f5,净网行动,"'强行征用', '晶矿护盾', '幸运红包'","'阿塔尼斯', '斯旺'",帝国战斗群,1,,,,,
28a3122222a9435ea00f0e683eb1e500,聚铁成兵,'生命汲取',"'凯瑞甘', '德哈卡'",旧世步兵团,1,,,,,
75902295d5f44724aed802b3d0992f8a,净网行动,"'异形寄生', '生命汲取'","'斯台特曼', '阿拉纳克'",风暴迫临,1,,,,,
2540057827ec454f900fbf63e799ff66,往日神庙,"'净化光束', '时间扭曲', '减伤屏障'","'斯旺', '诺娃'",步战机甲,1,,,,,
8704a5d2d3ad49569ea8cb25381b17fa,亡者之夜,"'晶矿护盾', '力量蜕变', '暴风雪'","'菲尼克斯', '阿巴瑟'",艾尔先锋,,,,,,
29d78047c8834117a49f0a6556e2d4da,虚空降临,"'强行征用', '灵能爆表', '进攻部署', '暗无天日'","'斯台特曼', '凯拉克斯'",突击团,1,,,,,
88fdb6c2acfd4b58bcb9da4b6ff7b5f3,黑暗杀星,"'短视症', '幸运红包', '异形寄生', '行尸走肉', '焦土政策', '生命吸取'","'德哈卡', '霍纳与汉'",暗影科技团,2,一堆乱七八糟的东西打得过原神吗,,,,裂隙突变
9ff72d6d38ac451ba8f0a36570a0d351,营救矿工,'暴风雪',"'蒙斯克', '雷诺'",袭扰炮击,1,,,,,
d5091bd49fba4d06aabc9c6c910c7522,虚空降临,"'黑死病', '同化体', '复仇战士'","'扎加拉', '蒙斯克'",大师机械,1-2,,,,,
1479e1ce1f4948778e9fc1d73cab6c1b,克哈裂痕,"'晶矿护盾', '幸运红包', '礼尚往来', '强行征用', '时空立场'","'诺娃', '菲尼克斯'",突击团,,,,,,
b0b75061874e4a3abfde08e91377f0ce,净网行动,"'光子过载', '杀戮机器人', '暗无天日'","'雷诺', '霍纳与汉'",肆虐扩散,3,,,,,
e24ce166c5de4fb89ef545f2a63fd381,虚空降临,"'虚空重生者', '暴风雪', '龙卷风暴'","'阿巴瑟', '泽拉图'",暗影科技团,,,,,,
733c70ede79b41d49ce0f672f9596e0e,聚铁成兵,"'焦土政策', '坚强意志', '给我死吧', '扫雷大战', '飞弹大战'","'雷诺', '菲尼克斯'",战争机械团,,,,,,
6c42b39d998e4113a48c3a44bc716f7f,黑暗杀星,"'暴风雪', '强行征用', '同化体', '速度狂魔'","'诺娃', '沃拉尊'",族长之军,4,,,,,
ebd09ad684b74d44a484097b6e273bd3,虚空降临,"'岩浆爆发', '复仇战士'",'霍纳与汉',旧世机械团,,,,,,
dfecb9594e5046b8ba010c1da03626fe,升格之链,"'暴风雪', '双重压力', '伤害散射'",'斯台特曼',帝国战斗群,,,,,,
11561347e00e45b0b8a0c573974a2b1a,虚空降临,"'默哀', '同化体', '强行征用'","'诺娃', '泰凯斯'",爆炸威胁,2,,,,,裂隙突变
aeac48f861f14551b90bcfa475820d67,升格之链,'无边恐惧',"'蒙斯克', '阿巴瑟'",暗影袭扰,1,码炮出宿主,,,,
4da5e1b7ddf549ad8b707e2c066bdbf0,升格之链,"'闪避机动', '杀生业报'","'雷诺', '斯托科夫'",肆虐扩散,1,,,,,
4d460ab2d29548eca7d8bafb043c7abc,虚空撕裂,"'行尸走肉', '来去无踪', '致命勾引'","'斯托科夫', '阿拉纳克'",艾尔先锋,,,,,,
1d0617517a414c1fb79570e9abc0bcdb,熔火危机,"'黑死病', '杀戮机器人', '双重压力', '晶矿护盾'","'阿巴瑟', '沃拉尊'",遮天蔽日,,,,,,
f4ff43e23f4e4fcb9a30cd3712696f8f,死亡摇篮,'时间扭曲',"'蒙斯克', '阿巴瑟'",战争机械团,1,炮,,,,
879b2f817ab64a5882bd3adc56177a05,熔火危机,"'暴风雪', '自毁程序', '灵能爆表', '速度狂魔'","'凯拉克斯', '诺娃'",爆炸威胁,,,,,,
1498661584b74cb8aa8b5a405e15ce8d,聚铁成兵,"'自毁程序', '强磁雷场', '伤害散射', '双重压力', '虚空重生者'","'雷诺', '斯托科夫'",滋生腐化,3,,,,,裂隙突变
dbcd89401c8e41e4bfb04ad727940bd5,虚空撕裂,"'轨道轰炸', '默哀'","'菲尼克斯', '扎加拉'",袭扰炮击,1,,,,,
1ddc826e31a34757af1c964b88d19206,净网行动,"'时间扭曲', '短视症', '闪避机动'",'诺娃',帝国战斗群,3,,,,,
a5a96c1b3eb5412c8c130f65adc60d3b,升格之链,"'暴风雪', '飞弹大战', '杀戮机器人', '致命勾引', '幸运红包'","'阿塔尼斯', '扎加拉'",暗影袭扰,,,,,,
9e6a62f787a5472ea8f99787181d7ef3,聚铁成兵,"'龙卷风暴', '晶矿护盾', '减伤屏障', '暗无天日', '默哀'","'斯托科夫', '泽拉图'",旧世机械团,,,,,,
146b658283b34b2098b2cd25d7f45b14,熔火危机,"'强磁雷场', '复仇战士'",'阿巴瑟',遮天蔽日,2,,,,,
916a485138bd441293708364f276bbb0,营救矿工,"'减伤屏障', '生命汲取', '龙卷风暴', '复仇战士', '暗无天日'","'斯旺', '诺娃'",袭扰炮击,,,,,,
b8893cd9482948a985e91182949943f7,天界封锁,"'相互摧毁', '超远视距', '减伤屏障', '扫雷专家'","'蒙斯克', '阿塔尼斯'",滋生腐化,,,,,,
cd4c3fb18e084dba95172e910b6e3f02,净网行动,"'来去无踪', '自毁程序', '杀戮机器人', '短视症', '强磁雷场', '幸运红包'","'泰凯斯', '菲尼克斯'",爆炸威胁,,,,,,
0aaf0010857e451495874653571fd239,机会渺茫,'时空立场',"'泰凯斯', '斯旺'",艾尔先锋,1,tks和他的气骡.png,,,,
8945a28da4a7442baa71a4fb6b0ef588,亡者之夜,"'灵能爆表', '丧尸大战', '激光钻机'",'蒙斯克',暗影科技团,,,,,,
9913b28004414471a0aa614a5f46b108,天界封锁,"'来去无踪', '默哀', '黑死病', '时间扭曲', '震荡攻击'","'斯托科夫', '泰凯斯'",旧世步兵团,2,,,,,
d2014e210e7247b2b5a4210a3f70fb11,净网行动,"'风暴英雄', '异形寄生', '暗无天日'","'雷诺', '斯台特曼'",步战机甲,1,,,,,
26096dc41f2c426fa7486ef3f85e9ff6,聚铁成兵,"'同化体', '礼尚往来', '生命吸取'",'雷诺',肆虐扩散,,,,,,
0550c688e32a4df7815a631eee0fa12d,升格之链,"'灵能爆表', '鼓舞人心', '飞弹大战'","'霍纳与汉', '泽拉图'",风暴迫临,2,,,,,
580c59af24364bddaef2d8556484be3e,往日神庙,"'黑死病', '坚强意志', '轨道轰炸', '力量蜕变', '焦土政策'","'阿巴瑟', '诺娃'",滋生腐化,2,,,,,裂隙突变
aa19c62faf9242bea0d1b6ee43d515eb,湮灭快车,"'来去无踪', '同化体', '暴风雪', '晶矿护盾'","'德哈卡', '阿巴瑟'",突击团,2,,,,,
9b74b81965d640629abec00aef28c14e,黑暗杀星,"'晶矿护盾', '默哀', '生命吸取', '同化体'",'泰凯斯',滋生腐化,2,,,,,
63d821732cd74265b9a421fee6c9a5a0,往日神庙,"'净化光束', '双重压力'",'霍纳与汉',族长之军,,,,,,
b5c61ae1ec024469980b83e6cee3baee,虚空撕裂,"'减伤屏障', '给我死吧', '自毁程序', '时间扭曲'","'菲尼克斯', '诺娃'",暗影科技团,1,,,,,裂隙突变
4af2d9b85e654680b9480695f8a117a2,天界封锁,"'扫雷专家', '虚空裂隙', '行尸走肉', '超远视距'","'凯瑞甘', '阿巴瑟'",暗影袭扰,3,,,,,裂隙突变
afc994bf73514090887a55450b694a35,虚空撕裂,"'强行征用', '龙卷风暴', '进攻部署', '力量蜕变', '暴风雪', '超远视距'","'阿拉纳克', '阿塔尼斯'",族长之军,3,,,,,
0e95401ee0894e69895cc1074973e76a,升格之链,'礼尚往来','阿塔尼斯',族长之军,,,,,,
2bde907d47b14110980a7aa21b63fbdd,聚铁成兵,"'光子过载', '异形寄生', '杀戮机器人', '礼尚往来', '混乱工作室'","'阿拉纳克', '沃拉尊'",袭扰炮击,4,,,,,
e17eee87c3d449119e6454a5e9a4dcbf,机会渺茫,"'坚强意志', '核弹打击'","'沃拉尊', '雷诺'",暗影科技团,2,,,,,
69d2eb2b810b423794a0887ff64dba51,虚空撕裂,'自毁程序','斯托科夫',旧世机械团,,,,,,
0a273a51a8d34f8baf8f1132c86433b7,净网行动,'光子过载','斯托科夫',袭扰炮击,,,,,,
643ab37bf5864046847dd68179a94ed7,熔火危机,"'强行征用', '虚空重生者', '力量蜕变'","'斯托科夫', '阿拉纳克'",族长之军,,,,,,
b71ee97678c543cdbf50ea87165332ed,天界封锁,"'时空立场', '复仇战士', '生命汲取'","'阿巴瑟', '沃拉尊'",滋生腐化,2,,,,,
f5d561732d1b48c4932122f917b85a06,营救矿工,"'飞弹大战', '减伤屏障'","'蒙斯克', '阿拉纳克'",暗影科技团,,,,,,
819af501799947468dbe7d295da24d6a,净网行动,"'速度狂魔', '短视症', '飞弹大战', '核弹打击', '扫雷专家', '减伤屏障'",'凯拉克斯',袭扰炮击,,,,,,
d0d50978016843a587d86a7ae08f8004,亡者之夜,"'闪避机动', '行尸走肉', '强磁雷场', '混乱工作室', '虚空裂隙'","'凯瑞甘', '泰凯斯'",大师机械,4,,,,,
093853e7331748b4ae48c8db96ca9c99,熔火危机,"'力量蜕变', '激光钻机', '虚空重生者', '扫雷专家', '减伤屏障', '速度狂魔', '核弹打击'","'阿巴瑟', '阿塔尼斯'",战争机械团,5,,,,,
f58aeaabbdd246b88d81979d380d6f91,天界封锁,"'净化光束', '强行征用'","'凯瑞甘', '阿巴瑟'",袭扰炮击,1,,,,,
f0ba667a61364d899b93d42e6a63bffd,机会渺茫,"'短视症', '净化光束', '给我死吧'","'阿巴瑟', '德哈卡'",艾尔先锋,2,,,,,
873238440c1643ea9c7d97c26030320d,升格之链,"'灵能爆表', '坚强意志', '短视症', '扫雷大战', '暴风雪', '杀生业报'","'斯台特曼', '泰凯斯'",暗影科技团,3,,,,,
7af758cbefb849b7863cc16e1976816b,虚空降临,"'闪避机动', '飞弹大战', '鼓舞人心', '强行征用', '丧尸大战'","'斯旺', '斯托科夫'",风暴迫临,2,,,,,
6da2d50367ba4c5197d37b39f1350f4c,聚铁成兵,"'暴风雪', '力量蜕变', '生命汲取'","'阿巴瑟', '扎加拉'",艾尔先锋,2,,,,,
30259700aa85408999f59ac95dde6ed2,亡者之夜,"'灵能爆表', '晶矿护盾', '生命汲取'",'霍纳与汉',滋生腐化,,,,,,
900be11d9f254e5c8c80b8acaffd1d53,黑暗杀星,"'杀生业报', '暗无天日'","'凯瑞甘', '阿塔尼斯'",旧世步兵团,1,,,,,
f56a5542e69e4ccc8b51db973055d823,湮灭快车,"'扫雷大战', '混乱工作室', '晶矿护盾', '扫雷专家'","'德哈卡', '雷诺'",遮天蔽日,,讲讲扫雷专家大战混乱工作室,,,,
1707266e3315480c83b7df75305c7e88,亡者之夜,'黑死病','斯旺',遮天蔽日,2,吃点守家和拆迁熟练度,,,,
28a9c6fde16a41efa7ac967b08471d5c,湮灭快车,"'短视症', '虚空重生者', '丧尸大战', '灵能爆表', '风暴英雄', '虚空裂隙'","'阿拉纳克', '沃拉尊'",暗影科技团,5,嗨嗨嗨combo来咯,,,,
44897578a1ce45698ca0c063973c489a,湮灭快车,"'生命吸取', '风暴英雄', '复仇战士', '虚空裂隙'","'斯托科夫', '阿巴瑟'",袭扰炮击,4,,,,,
56ae0e5672404276bdb37b5794c15b37,虚空降临,"'礼尚往来', '扫雷大战', '进攻部署', '致命勾引'","'德哈卡', '雷诺'",袭扰炮击,,,,,,
28056cb7b13d458d9c39c62ae329fdd4,虚空撕裂,'无边恐惧','沃拉尊',帝国战斗群,,,,,,
91c61012bc924910a6bda7aa959d113b,克哈裂痕,"'超远视距', '生命汲取', '岩浆爆发'",'沃拉尊',侵略虫群,1,,,,,
c5a500ef487340ea96e49380d4748992,虚空降临,'激光钻机','斯托科夫',暗影科技团,1,sqlz活过10分钟autowin,,,,
b5825ee1d03546ec9a7b94775dd241e7,营救矿工,"'给我死吧', '幸运红包', '致命勾引'","'菲尼克斯', '泰凯斯'",风暴迫临,2,,,,,
29e07a5542e24523a28ec892532f63b1,往日神庙,"'虚空重生者', '伤害散射', '飞弹大战'",'凯拉克斯',暗影袭扰,,,,,,
bbf7faffe4e24a12a856ec87fc0c24bd,虚空降临,'速度狂魔','泽拉图',卡莱的希望,1,活过第一波autowin,,,,
cbc426bc7bc5412e878f1eb94a4ab26e,天界封锁,"'风暴英雄', '虚空重生者', '生命吸取', '双重压力'","'凯拉克斯', '阿塔尼斯'",步战机甲,,,,,,
e14dc6b2ca434544b6b57a16780602f0,亡者之夜,"'龙卷风暴', '鼓舞人心', '黑死病', '净化光束', '礼尚往来'","'凯拉克斯', '菲尼克斯'",步战机甲,,,,,,
6c56ebcbaabb4bd4ac626a04fb8c0f9f,虚空降临,"'超远视距', '核弹打击', '杀戮机器人', '速度狂魔'","'菲尼克斯', '斯台特曼'",风暴迫临,,,,,,
d1b116be865f4663865801850a91ea81,天界封锁,"'晶矿护盾', '核弹打击', '伤害散射', '礼尚往来'","'凯拉克斯', '菲尼克斯'",肆虐扩散,,,,,,
eb7eddba7f1340abbd85d8f43b3468ad,天界封锁,"'轨道轰炸', '力量蜕变', '飞弹大战', '岩浆爆发', '净化光束', '相互摧毁'","'诺娃', '扎加拉'",旧世机械团,3,,,,,
0d838aa75f334b9fb9a07b52728a3b42,熔火危机,"'强行征用', '生命吸取'",'阿塔尼斯',族长之军,2,,,,,
33ff4e6264dd491a931f48c5b6e88edc,净网行动,"'幸运红包', '灵能爆表', '净化光束', '减伤屏障'","'诺娃', '沃拉尊'",暗影科技团,1,,,,,裂隙突变
a956326b73e24667bcb325d798771e6a,虚空撕裂,"'闪避机动', '轨道轰炸'","'泰凯斯', '斯台特曼'",卡莱的希望,1,,,,,
f36c44abbb2d495a9c38d0d7660217b4,黑暗杀星,"'进攻部署', '风暴英雄', '礼尚往来', '飞弹大战'","'蒙斯克', '霍纳与汉'",旧世步兵团,3,没风暴看礼物,,,,
407bd6a47ba147128d3fa030f9ed6426,亡者之夜,"'速度狂魔', '致命勾引', '净化光束'","'阿巴瑟', '扎加拉'",步战机甲,3,,,,,裂隙突变
66b12732e53045dba717c87fa4f92e03,聚铁成兵,"'鼓舞人心', '虚空重生者', '同化体', '轨道轰炸', '核弹打击'","'阿拉纳克', '泰凯斯'",风暴迫临,4,,,,,
e4cf16d0265b427a940809631a27acd5,聚铁成兵,"'异形寄生', '双重压力', '扫雷大战', '虚空裂隙', '轨道轰炸'","'阿塔尼斯', '阿巴瑟'",暗影袭扰,4,,,,,裂隙突变
fc1f7b6423a74b1288f7d96e12cda24d,熔火危机,"'生命吸取', '时间扭曲', '岩浆爆发'",'沃拉尊',风暴迫临,3,,,,,
1ac6a3f719934d749a248c4e55d6446f,机会渺茫,"'给我死吧', '丧尸大战'","'扎加拉', '诺娃'",大师机械,,,,,,
a71c936656a340df90cbe14738c1a7b7,虚空降临,"'致命勾引', '礼尚往来', '灵能爆表', '无边恐惧', '时间扭曲', '晶矿护盾'","'阿拉纳克', '蒙斯克'",族长之军,4,坚果来放超载的吧,,,,
f03ecb3006d84cdfb6591f422e4eb7d9,机会渺茫,"'强行征用', '风暴英雄'",'扎加拉',暗影科技团,,,,,,
a523f56b62ba45f98472c2e8fb622687,亡者之夜,'混乱工作室','菲尼克斯',卡莱的希望,,,,,,
47ef0caea3914a88bb85894d0a2db4cb,升格之链,'减伤屏障',"'斯台特曼', '阿拉纳克'",遮天蔽日,1,,,,,
